PassengerId,Survived,Pclass,Name,Sex,Age,SibSp,Parch,Ticket,Fare,Cabin,Embarked
1,0,3,Passenger_1,male,32.88439467212844,2,0,Ticket_1000,7.0,nan,S
2,1,3,Passenger_2,male,,0,1,Ticket_1001,38.681336072018944,nan,
3,1,2,Passenger_3,female,16.822757451778948,0,0,Ticket_1002,11.197734733938294,nan,S
4,0,3,Passenger_4,female,8.811963548684957,1,0,Ticket_1003,45.825179380570454,E,S
5,0,2,Passenger_5,male,3.8422782505065314,0,0,Ticket_1004,,nan,S
6,0,2,Passenger_6,male,31.78527609080962,0,1,Ticket_1005,19.92319376385812,B,S
7,0,3,Passenger_7,male,7.120213646498165,0,0,Ticket_1006,45.14009707924882,nan,
8,1,1,Passenger_8,male,12.992766073696753,0,0,Ticket_1007,14.455647262591537,nan,Q
9,1,1,Passenger_9,male,26.7294618270267,1,1,Ticket_1008,17.56256077034036,B,C
10,1,2,Passenger_10,female,0.1,0,1,Ticket_1009,14.157305868608749,nan,S
11,0,1,Passenger_11,male,41.68469568066002,2,1,Ticket_1010,13.734688212168848,nan,C
12,1,1,Passenger_12,female,0.1,0,0,Ticket_1011,,nan,C
13,1,3,Passenger_13,male,28.839414130008407,0,0,Ticket_1012,49.63297119121041,D,S
14,0,2,Passenger_14,male,30.22528839891434,1,0,Ticket_1013,13.471617423078971,B,S
15,0,3,Passenger_15,female,38.07092580272713,2,1,Ticket_1014,22.28618085487458,nan,Q
16,0,3,Passenger_16,male,29.374787964151597,0,0,Ticket_1015,33.32607220300228,B,S
17,0,2,Passenger_17,male,60.26861945749858,0,0,Ticket_1016,9.418294732027729,nan,Q
18,0,2,Passenger_18,male,,0,0,Ticket_1017,9.752082701173306,B,S
19,0,2,Passenger_19,female,,0,1,Ticket_1018,81.27743469951935,C,S
20,0,3,Passenger_20,female,19.14805786694568,2,0,Ticket_1019,38.57008515029722,E,S
21,1,2,Passenger_21,male,31.811352092842014,1,0,Ticket_1020,25.824735368780438,D,S
22,0,3,Passenger_22,male,53.21355142543389,0,0,Ticket_1021,31.299873585780563,nan,C
23,0,2,Passenger_23,male,26.434573129655387,0,0,Ticket_1022,7.0,E,nan
24,0,3,Passenger_24,female,32.883521462928464,1,0,Ticket_1023,28.878127501923856,B,S
25,0,2,Passenger_25,female,44.71280173706213,1,0,Ticket_1024,21.3704427090546,C,S
26,1,2,Passenger_26,male,18.86655719712548,0,1,Ticket_1025,,nan,C
27,0,3,Passenger_27,male,0.1,0,0,Ticket_1026,13.361617111562156,B,S
28,0,3,Passenger_28,male,,0,0,Ticket_1027,7.0,nan,S
29,0,1,Passenger_29,female,44.83003754037004,2,1,Ticket_1028,7.0,nan,
30,0,3,Passenger_30,female,9.728313526620429,0,0,Ticket_1029,90.32215713568807,nan,C
31,1,2,Passenger_31,male,40.05329845916008,0,0,Ticket_1030,15.762931076192597,nan,C
32,0,3,Passenger_32,male,40.15449581009307,0,0,Ticket_1031,18.859187312495713,nan,S
33,0,3,Passenger_33,male,0.1,0,0,Ticket_1032,7.0,nan,S
34,1,2,Passenger_34,female,15.955670513898415,0,1,Ticket_1033,7.0,C,Q
35,1,1,Passenger_35,male,24.062568289025066,1,0,Ticket_1034,37.88849227827988,B,S
36,1,2,Passenger_36,female,27.305639996471445,0,0,Ticket_1035,23.17185928771379,D,S
37,0,3,Passenger_37,male,,0,1,Ticket_1036,21.321375607581132,nan,S
38,0,3,Passenger_38,male,18.04495794626727,0,1,Ticket_1037,8.356696327770322,nan,C
39,1,2,Passenger_39,male,55.07224336773139,0,1,Ticket_1038,40.96544064804887,nan,S
40,0,1,Passenger_40,male,28.386613022116375,1,1,Ticket_1039,7.0,B,S
41,0,3,Passenger_41,male,,0,0,Ticket_1040,7.0,nan,S
42,0,3,Passenger_42,female,29.38245784631175,0,1,Ticket_1041,18.525175370499497,E,S
43,0,3,Passenger_43,male,38.056362495917156,1,0,Ticket_1042,10.117930716679005,A,S
44,1,1,Passenger_44,male,30.77439565066812,0,0,Ticket_1043,8.529152675836604,E,S
45,0,2,Passenger_45,male,26.9140861375804,0,1,Ticket_1044,31.089214048385397,A,S
46,1,1,Passenger_46,female,20.249749969943203,2,0,Ticket_1045,31.57807202392647,nan,S
47,0,3,Passenger_47,female,20.068037317986015,3,1,Ticket_1046,52.206405138717265,D,S
48,0,1,Passenger_48,male,21.032874202719608,1,0,Ticket_1047,16.22352637645403,E,S
49,0,3,Passenger_49,female,35.082219012161055,1,0,Ticket_1048,7.0,nan,Q
50,0,2,Passenger_50,male,15.087298613973193,1,0,Ticket_1049,9.59237534415004,nan,C
51,1,3,Passenger_51,male,35.89903835205333,1,0,Ticket_1050,117.3688860775181,nan,S
52,1,3,Passenger_52,female,,0,1,Ticket_1051,27.20941930911797,E,C
53,1,3,Passenger_53,female,34.885610367198,1,0,Ticket_1052,37.10904487753538,nan,S
54,1,2,Passenger_54,female,24.456217066242942,1,1,Ticket_1053,,nan,Q
55,0,1,Passenger_55,male,10.528096724180543,0,1,Ticket_1054,,B,S
56,1,1,Passenger_56,male,53.67160211867271,1,1,Ticket_1055,7.0,nan,S
57,0,3,Passenger_57,female,12.449735241016313,1,1,Ticket_1056,25.26544399086393,C,
58,0,3,Passenger_58,male,42.72843051713622,0,0,Ticket_1057,,A,S
59,0,3,Passenger_59,male,39.57776790891728,0,1,Ticket_1058,103.6561121189309,nan,Q
60,0,3,Passenger_60,male,26.448470955539104,0,0,Ticket_1059,23.33192940232165,nan,S
61,0,3,Passenger_61,male,26.05531794328983,0,0,Ticket_1060,18.38601655266545,B,S
62,0,1,Passenger_62,male,2.4643308893846907,0,1,Ticket_1061,87.02198839732421,nan,S
63,1,3,Passenger_63,female,,0,0,Ticket_1062,33.58985336654317,nan,C
64,0,2,Passenger_64,male,,0,0,Ticket_1063,7.0,nan,S
65,0,2,Passenger_65,male,13.663798257782933,2,0,Ticket_1064,18.805370175719997,C,S
66,0,3,Passenger_66,male,27.66267788506346,1,0,Ticket_1065,8.242778711929606,nan,Q
67,0,1,Passenger_67,female,30.56792872513425,1,0,Ticket_1066,19.035274072844622,D,S
68,1,1,Passenger_68,male,38.768589419243526,1,0,Ticket_1067,18.234723299085417,nan,S
69,0,3,Passenger_69,male,30.05704614184781,1,0,Ticket_1068,26.178609740733553,A,Q
70,1,1,Passenger_70,female,5.605209690576238,1,0,Ticket_1069,13.237610482130254,A,S
71,1,3,Passenger_71,female,22.050933458062662,0,1,Ticket_1070,7.0,nan,S
72,0,2,Passenger_72,female,33.36938678083529,1,0,Ticket_1071,21.018415683349865,E,S
73,0,2,Passenger_73,female,42.622925130596386,0,0,Ticket_1072,53.19452975919973,C,C
74,1,2,Passenger_74,male,,1,0,Ticket_1073,32.72041538218549,B,S
75,1,2,Passenger_75,female,,1,0,Ticket_1074,12.391366986183165,nan,Q
76,1,3,Passenger_76,male,,0,0,Ticket_1075,82.24341182691464,A,
77,1,2,Passenger_77,female,21.544497374131485,0,0,Ticket_1076,72.98340044897219,nan,S
78,0,3,Passenger_78,female,28.7544959476084,0,0,Ticket_1077,7.0469358775336115,A,C
79,0,2,Passenger_79,female,,0,0,Ticket_1078,7.0,B,S
80,0,3,Passenger_80,female,,0,0,Ticket_1079,40.56359556970024,D,S
81,1,3,Passenger_81,male,36.71792621627691,0,0,Ticket_1080,52.73992329332102,E,C
82,1,3,Passenger_82,male,35.56641076970883,2,0,Ticket_1081,,D,Q
83,0,2,Passenger_83,female,30.7194216897232,0,1,Ticket_1082,66.17366075082988,D,S
84,0,1,Passenger_84,female,34.977657948877734,0,0,Ticket_1083,27.528856405972277,nan,S
85,0,2,Passenger_85,male,,0,1,Ticket_1084,22.654018515160892,nan,S
86,0,3,Passenger_86,male,5.739555748371483,1,0,Ticket_1085,7.0,A,S
87,1,1,Passenger_87,male,19.25040194921633,0,1,Ticket_1086,8.497017280220511,E,S
88,1,2,Passenger_88,female,32.35581872114162,0,0,Ticket_1087,18.464189132160833,nan,
89,1,3,Passenger_89,female,32.44116622269594,0,0,Ticket_1088,29.706507392566028,D,S
90,0,2,Passenger_90,male,30.620685788787718,2,0,Ticket_1089,24.442624292424362,A,S
91,0,3,Passenger_91,male,38.230624019775476,0,1,Ticket_1090,40.717914409471,nan,S
92,1,1,Passenger_92,female,,2,0,Ticket_1091,9.84541236757631,nan,C
93,1,1,Passenger_93,female,30.40021585665804,0,1,Ticket_1092,24.96900917707495,nan,
94,0,3,Passenger_94,male,38.58139167607382,0,0,Ticket_1093,7.0,A,S
95,1,2,Passenger_95,male,,0,0,Ticket_1094,16.01594620107532,B,S
96,0,3,Passenger_96,male,11.350141073908517,0,0,Ticket_1095,41.60813699895015,nan,S
97,0,2,Passenger_97,male,15.577674455166935,0,1,Ticket_1096,35.46642288222622,C,S
98,0,2,Passenger_98,male,,0,1,Ticket_1097,140.14807392553763,nan,S
99,0,3,Passenger_99,female,50.88708244413859,0,0,Ticket_1098,9.767380692807892,nan,C
100,0,3,Passenger_100,female,47.629246617360735,1,1,Ticket_1099,20.68596961184167,C,
101,0,3,Passenger_101,male,33.48233924613053,0,0,Ticket_1100,11.993308113932901,nan,S
102,1,2,Passenger_102,female,11.95301096974961,0,0,Ticket_1101,17.42688195042417,nan,S
103,0,3,Passenger_103,male,,0,1,Ticket_1102,58.33685902039606,nan,S
104,0,2,Passenger_104,male,53.433826979256324,1,0,Ticket_1103,34.58024744137453,A,S
105,1,1,Passenger_105,male,39.27732570684713,0,0,Ticket_1104,64.22449714309018,B,nan
106,0,3,Passenger_106,male,26.88783715974191,1,0,Ticket_1105,7.0,E,S
107,0,1,Passenger_107,female,39.42937849261825,1,1,Ticket_1106,61.99247071111865,B,S
108,1,3,Passenger_108,female,,0,0,Ticket_1107,7.0,nan,S
109,0,2,Passenger_109,male,,0,0,Ticket_1108,65.83864476714876,B,Q
110,0,1,Passenger_110,male,13.737129134665128,0,0,Ticket_1109,11.972883076284596,E,
111,0,3,Passenger_111,female,37.04357727522649,2,1,Ticket_1110,11.332038804907867,D,S
112,0,3,Passenger_112,male,40.711552495801385,0,1,Ticket_1111,21.52864197696797,nan,C
113,1,3,Passenger_113,male,,2,0,Ticket_1112,84.7494155476774,B,S
114,1,3,Passenger_114,female,16.90605484890651,0,1,Ticket_1113,7.0,E,S
115,1,3,Passenger_115,male,29.70376359698059,0,0,Ticket_1114,13.026632675435435,C,S
116,1,3,Passenger_116,male,,1,1,Ticket_1115,58.25766098868301,nan,
117,1,3,Passenger_117,male,18.05743942959383,0,0,Ticket_1116,15.12813838633995,A,
118,0,2,Passenger_118,female,35.0849052796387,1,0,Ticket_1117,7.0,nan,S
119,1,2,Passenger_119,male,,0,0,Ticket_1118,16.590820701642286,nan,S
120,0,2,Passenger_120,male,6.5047540055386115,0,0,Ticket_1119,14.610953741003224,C,S
121,1,3,Passenger_121,female,9.838282944552198,0,0,Ticket_1120,74.10037612224993,nan,S
122,1,3,Passenger_122,male,5.951092997760757,0,0,Ticket_1121,43.05626733437791,A,S
123,0,1,Passenger_123,female,,0,1,Ticket_1122,21.10292968841043,nan,S
124,0,3,Passenger_124,male,32.25608157264246,0,0,Ticket_1123,133.6264812876815,nan,Q
125,0,3,Passenger_125,female,31.507801417622428,0,0,Ticket_1124,18.780222501958256,D,S
126,0,1,Passenger_126,male,38.81597478719914,2,0,Ticket_1125,7.0,D,
127,1,3,Passenger_127,male,,0,0,Ticket_1126,9.125496997778102,A,S
128,1,3,Passenger_128,male,21.11600203762327,0,1,Ticket_1127,17.184780006621136,nan,S
129,0,1,Passenger_129,male,36.09716215857627,0,1,Ticket_1128,7.0,A,S
130,0,3,Passenger_130,female,,0,0,Ticket_1129,88.44550142561044,nan,S
131,0,2,Passenger_131,female,50.68064619395026,1,0,Ticket_1130,43.68205585159552,E,S
132,0,3,Passenger_132,male,11.327531426727646,0,0,Ticket_1131,9.371015769645366,nan,S
133,0,3,Passenger_133,male,19.348783214393436,0,0,Ticket_1132,26.806869718329807,C,C
134,0,3,Passenger_134,female,21.034357294003613,1,2,Ticket_1133,38.34464029579834,nan,S
135,1,2,Passenger_135,female,7.105935049166817,1,0,Ticket_1134,85.04869962462573,E,S
136,0,3,Passenger_136,male,30.48863366112843,2,2,Ticket_1135,64.01955475002195,nan,S
137,0,3,Passenger_137,male,33.20855802302223,0,0,Ticket_1136,21.720084274864234,A,S
138,1,2,Passenger_138,male,27.158794935276752,0,0,Ticket_1137,,B,
139,0,3,Passenger_139,female,,0,1,Ticket_1138,,C,S
140,1,1,Passenger_140,male,,1,0,Ticket_1139,24.13603395921456,nan,
141,1,3,Passenger_141,male,38.23846194752472,1,0,Ticket_1140,7.0,B,
142,0,2,Passenger_142,male,69.51333065474938,0,0,Ticket_1141,7.0,nan,C
143,0,1,Passenger_143,female,17.923361401705613,0,0,Ticket_1142,22.62092303483281,C,S
144,0,1,Passenger_144,male,44.36823342265465,1,1,Ticket_1143,9.394572966411983,nan,S
145,0,3,Passenger_145,male,41.68910831091245,1,0,Ticket_1144,7.0,nan,C
146,0,2,Passenger_146,male,25.641373453539565,0,0,Ticket_1145,38.49472349639236,nan,S
147,1,3,Passenger_147,male,,1,0,Ticket_1146,7.0,D,S
148,0,1,Passenger_148,male,,3,0,Ticket_1147,27.136560116690866,C,S
149,0,2,Passenger_149,male,24.586628708630894,0,0,Ticket_1148,23.243331062564653,A,S
150,0,3,Passenger_150,male,0.1,1,0,Ticket_1149,,C,S
151,1,3,Passenger_151,male,36.135420806139564,0,0,Ticket_1150,19.86184978754728,nan,S
152,0,2,Passenger_152,male,10.117351324763902,1,0,Ticket_1151,7.0,nan,S
153,0,3,Passenger_153,female,21.73918206456733,0,0,Ticket_1152,24.06797365737013,nan,S
154,0,3,Passenger_154,female,14.606705418824587,0,2,Ticket_1153,55.18368319192726,D,C
155,1,3,Passenger_155,male,24.506526910226075,0,0,Ticket_1154,172.80376919136285,nan,S
156,0,2,Passenger_156,female,36.658203453261535,1,1,Ticket_1155,16.88163475702608,E,S
157,1,1,Passenger_157,male,,2,2,Ticket_1156,11.58305713636636,nan,S
158,1,3,Passenger_158,male,,0,0,Ticket_1157,71.14304183390976,C,
159,0,1,Passenger_159,male,48.98444303378447,1,1,Ticket_1158,7.0,E,C
160,1,3,Passenger_160,male,24.46806094983247,1,0,Ticket_1159,28.668798922399976,E,
161,0,3,Passenger_161,female,22.821491369758295,2,0,Ticket_1160,15.611859233368667,nan,S
162,1,3,Passenger_162,female,44.36591480493014,0,0,Ticket_1161,7.0,nan,C
163,1,3,Passenger_163,female,45.555709331098946,1,0,Ticket_1162,12.798600450303713,D,S
164,0,3,Passenger_164,male,,1,0,Ticket_1163,9.245872292490171,A,S
165,0,2,Passenger_165,male,,0,1,Ticket_1164,34.759579032057815,E,S
166,1,3,Passenger_166,male,36.339825982524054,2,0,Ticket_1165,89.15490516606023,nan,S
167,0,2,Passenger_167,male,31.642059060709336,0,0,Ticket_1166,9.361176921921405,B,S
168,0,2,Passenger_168,male,45.78793412024495,1,0,Ticket_1167,50.05429782785279,nan,S
169,0,3,Passenger_169,male,,0,0,Ticket_1168,7.0,nan,S
170,0,3,Passenger_170,male,,1,2,Ticket_1169,23.173570461067058,nan,Q
171,1,3,Passenger_171,male,40.35355200570409,0,0,Ticket_1170,7.0,B,
172,0,3,Passenger_172,female,0.1,0,0,Ticket_1171,81.55801582637773,nan,
173,0,2,Passenger_173,female,19.02729894155505,1,0,Ticket_1172,43.61809471547329,nan,Q
174,0,2,Passenger_174,female,14.652067330225583,1,0,Ticket_1173,32.18394282532265,E,S
175,1,3,Passenger_175,male,14.550979936413796,1,0,Ticket_1174,52.1004814924466,nan,S
176,0,2,Passenger_176,male,18.764527935673566,0,1,Ticket_1175,31.28282447857699,nan,S
177,1,1,Passenger_177,male,,0,0,Ticket_1176,,E,C
178,0,2,Passenger_178,female,42.30833128509559,0,1,Ticket_1177,37.548493305992196,D,S
179,1,2,Passenger_179,male,,0,0,Ticket_1178,77.57176864946744,E,nan
180,0,2,Passenger_180,male,47.00435207788574,1,0,Ticket_1179,21.840351928935593,nan,S
181,0,2,Passenger_181,female,14.065542672504389,1,0,Ticket_1180,,B,
182,0,1,Passenger_182,male,12.025749213792626,0,1,Ticket_1181,22.534586782194264,nan,S
183,1,1,Passenger_183,male,,1,1,Ticket_1182,7.0,nan,S
184,1,3,Passenger_184,male,,0,0,Ticket_1183,26.930950332244763,nan,C
185,0,2,Passenger_185,male,23.096048976250152,0,1,Ticket_1184,19.761970329724203,A,S
186,1,2,Passenger_186,male,,0,0,Ticket_1185,29.23153378799953,nan,C
187,1,3,Passenger_187,male,51.8959781255691,0,0,Ticket_1186,7.0,B,S
188,0,2,Passenger_188,male,4.198461735782725,0,0,Ticket_1187,7.0,A,S
189,0,3,Passenger_189,male,,1,0,Ticket_1188,20.27869955545745,nan,S
190,0,3,Passenger_190,female,33.42864791276846,0,0,Ticket_1189,90.17563689875294,E,S
191,0,1,Passenger_191,male,57.03247212647169,0,0,Ticket_1190,14.516215260640143,nan,S
192,1,2,Passenger_192,male,,0,0,Ticket_1191,16.568811165629977,A,
193,1,3,Passenger_193,male,37.20456979519948,2,1,Ticket_1192,37.62600937508117,E,S
194,1,3,Passenger_194,female,,1,1,Ticket_1193,27.774535933074052,B,S
195,0,2,Passenger_195,male,,0,0,Ticket_1194,10.654261444078905,nan,
196,0,3,Passenger_196,male,31.579639813186304,0,1,Ticket_1195,15.870522648283906,nan,S
197,1,1,Passenger_197,female,,0,0,Ticket_1196,7.365501695218745,nan,C
198,1,3,Passenger_198,female,41.894022802396606,0,0,Ticket_1197,101.46078313542091,D,S
199,1,2,Passenger_199,male,44.555900847702766,0,0,Ticket_1198,7.0,A,S
200,1,3,Passenger_200,female,42.05047573231744,0,0,Ticket_1199,13.948657472823946,nan,S
201,1,3,Passenger_201,male,30.49991888498703,1,0,Ticket_1200,7.0,C,S
202,0,3,Passenger_202,male,15.657346752755291,0,1,Ticket_1201,7.522360967128169,E,S
203,0,3,Passenger_203,male,,1,2,Ticket_1202,45.48814701279556,nan,Q
204,1,2,Passenger_204,male,32.35580408102176,0,0,Ticket_1203,7.0,A,C
205,1,1,Passenger_205,female,46.229130896112736,2,2,Ticket_1204,7.0,nan,S
206,0,2,Passenger_206,male,44.93298703624621,1,0,Ticket_1205,19.299479887174847,nan,S
207,0,1,Passenger_207,male,42.24109265090772,1,0,Ticket_1206,7.0,C,C
208,1,3,Passenger_208,female,28.886835321759136,0,0,Ticket_1207,7.0,A,S
209,0,2,Passenger_209,female,46.311962610472456,0,0,Ticket_1208,49.44939620936188,B,S
210,0,1,Passenger_210,male,43.86242735783854,0,0,Ticket_1209,44.28307268274256,nan,S
211,0,3,Passenger_211,male,23.660496589176628,1,0,Ticket_1210,74.00215616460585,nan,S
212,1,3,Passenger_212,male,40.148970249237706,0,0,Ticket_1211,57.83055860196214,C,Q
213,1,3,Passenger_213,female,21.960612818860625,0,0,Ticket_1212,34.48222457336295,A,S
214,0,3,Passenger_214,female,38.10036347425383,1,0,Ticket_1213,7.0,nan,S
215,1,1,Passenger_215,female,10.513250335483992,1,0,Ticket_1214,45.81481667087344,nan,
216,0,2,Passenger_216,male,,0,0,Ticket_1215,56.028934745118846,E,C
217,0,3,Passenger_217,male,45.87310570415861,0,0,Ticket_1216,48.145774196709674,D,C
218,1,3,Passenger_218,male,44.063401833071474,0,0,Ticket_1217,21.307520573818948,C,S
219,1,1,Passenger_219,male,39.504173108637474,2,0,Ticket_1218,7.954215147103588,nan,S
220,1,3,Passenger_220,male,,0,1,Ticket_1219,55.99383920251596,nan,S
221,1,2,Passenger_221,female,0.1,0,0,Ticket_1220,38.96640103117783,B,C
222,0,2,Passenger_222,male,,1,0,Ticket_1221,118.5247462358738,nan,
223,0,3,Passenger_223,male,36.81274750784757,0,1,Ticket_1222,7.0,E,S
224,0,3,Passenger_224,female,,0,0,Ticket_1223,7.6725043210129735,E,C
225,0,3,Passenger_225,male,19.31258710787644,1,0,Ticket_1224,7.140032008608874,C,S
226,0,1,Passenger_226,female,,0,0,Ticket_1225,47.18446826597954,nan,S
227,1,3,Passenger_227,male,29.095665129125823,0,0,Ticket_1226,7.0,E,S
228,0,2,Passenger_228,male,36.821927544635706,0,0,Ticket_1227,7.0,nan,S
229,1,1,Passenger_229,male,41.61197192429047,2,0,Ticket_1228,196.31017353701387,D,S
230,1,3,Passenger_230,male,14.978443852423833,0,0,Ticket_1229,,B,S
231,1,3,Passenger_231,female,,0,0,Ticket_1230,54.0987015775649,A,S
232,0,3,Passenger_232,male,,0,0,Ticket_1231,13.641244507608782,nan,S
233,0,3,Passenger_233,male,57.28834774949582,0,1,Ticket_1232,55.28188211538323,B,S
234,0,3,Passenger_234,male,,1,1,Ticket_1233,24.264855945860972,nan,S
235,0,3,Passenger_235,male,26.43084678979388,0,0,Ticket_1234,69.5709569437862,D,
236,1,1,Passenger_236,female,34.035361022063,0,0,Ticket_1235,78.18904550577282,E,S
237,0,2,Passenger_237,male,33.65455570541282,0,1,Ticket_1236,7.0,E,S
238,0,2,Passenger_238,female,,0,0,Ticket_1237,7.0,D,C
239,1,2,Passenger_239,female,,0,0,Ticket_1238,8.644814789133092,B,C
240,0,3,Passenger_240,male,25.801903707509673,1,0,Ticket_1239,33.19770832346169,D,C
241,1,2,Passenger_241,female,,0,0,Ticket_1240,65.75069075155461,nan,S
242,1,1,Passenger_242,male,14.818576713036343,2,0,Ticket_1241,18.48235942792493,nan,S
243,1,2,Passenger_243,male,,1,0,Ticket_1242,28.016317890770495,C,S
244,0,3,Passenger_244,male,,0,0,Ticket_1243,7.0,E,S
245,0,1,Passenger_245,female,,0,0,Ticket_1244,49.03756956668345,B,S
246,1,3,Passenger_246,female,41.58142183462934,1,0,Ticket_1245,102.63720735686795,C,S
247,0,2,Passenger_247,male,46.67367985697952,0,0,Ticket_1246,9.38379942915318,A,C
248,1,2,Passenger_248,female,59.02058997650085,0,0,Ticket_1247,,nan,S
249,1,3,Passenger_249,male,31.046202732615736,1,0,Ticket_1248,7.0,C,Q
250,1,3,Passenger_250,male,20.403532088338004,0,0,Ticket_1249,24.57060990475263,C,C
251,0,2,Passenger_251,male,14.962921025911578,1,3,Ticket_1250,20.96188851293325,C,S
252,0,3,Passenger_252,female,13.473102031201595,2,0,Ticket_1251,7.0,B,C
253,1,3,Passenger_253,male,48.7467105210541,1,0,Ticket_1252,17.50544955430757,nan,
254,0,2,Passenger_254,male,7.273569855665244,0,0,Ticket_1253,12.198682681616914,A,C
255,0,3,Passenger_255,male,48.26622728476801,0,0,Ticket_1254,22.133723751483597,B,S
256,0,3,Passenger_256,male,16.973384561217767,0,1,Ticket_1255,26.431641448390817,nan,C
257,1,3,Passenger_257,male,19.721907032108916,0,1,Ticket_1256,7.0,D,S
258,1,3,Passenger_258,male,27.726668174850303,1,0,Ticket_1257,42.93950281877105,nan,Q
259,0,3,Passenger_259,female,19.44518175650233,0,0,Ticket_1258,37.449685856703525,nan,S
260,0,3,Passenger_260,male,,0,0,Ticket_1259,13.684744195727339,C,S
261,1,3,Passenger_261,male,57.20015927974163,1,0,Ticket_1260,7.0,nan,
262,1,3,Passenger_262,male,,0,0,Ticket_1261,42.186652755676256,B,C
263,0,3,Passenger_263,female,23.516432412530598,0,0,Ticket_1262,,nan,S
264,0,3,Passenger_264,female,27.550187890741526,0,0,Ticket_1263,,E,S
265,1,3,Passenger_265,male,38.11585145238956,0,0,Ticket_1264,11.72577647926837,C,S
266,1,1,Passenger_266,female,27.697735815662153,0,1,Ticket_1265,7.0,nan,Q
267,1,3,Passenger_267,male,50.80886116578894,0,1,Ticket_1266,25.806963080864257,nan,C
268,1,3,Passenger_268,male,47.19935874842891,0,0,Ticket_1267,7.0,nan,C
269,0,1,Passenger_269,male,12.218064696073498,0,0,Ticket_1268,13.210732580310745,nan,S
270,0,3,Passenger_270,male,,0,0,Ticket_1269,35.82196274019759,E,S
271,1,1,Passenger_271,male,52.80508855964254,1,1,Ticket_1270,24.637325536990268,C,S
272,1,2,Passenger_272,female,22.57828581349675,0,0,Ticket_1271,14.65541990557318,C,C
273,1,3,Passenger_273,female,25.58602692309665,0,0,Ticket_1272,16.354728480358848,E,S
274,1,1,Passenger_274,female,22.07944503220567,1,1,Ticket_1273,24.773686719878725,D,C
275,0,3,Passenger_275,male,22.393865767147414,0,1,Ticket_1274,7.0,nan,S
276,0,3,Passenger_276,male,,1,0,Ticket_1275,7.0,D,
277,1,3,Passenger_277,female,10.075275728024238,1,0,Ticket_1276,63.92408332296866,D,S
278,1,1,Passenger_278,male,31.162105781058447,1,0,Ticket_1277,7.0,D,S
279,1,2,Passenger_279,male,52.70396961979168,1,0,Ticket_1278,36.80737723285728,nan,S
280,1,3,Passenger_280,male,,0,1,Ticket_1279,75.78617428489848,nan,S
281,1,3,Passenger_281,female,20.358640455771628,1,0,Ticket_1280,9.469428834794591,nan,S
282,0,3,Passenger_282,male,55.522816056311015,0,0,Ticket_1281,13.884474684761456,D,C
283,0,2,Passenger_283,male,13.376138072760199,1,0,Ticket_1282,25.24394557422544,nan,S
284,0,3,Passenger_284,female,5.081352559403673,0,0,Ticket_1283,64.03821995979337,A,S
285,0,3,Passenger_285,male,17.572268457937504,0,0,Ticket_1284,85.37057358062508,nan,S
286,0,3,Passenger_286,male,20.05823281808451,1,0,Ticket_1285,40.361857269631756,nan,S
287,0,1,Passenger_287,male,3.788203729574022,0,0,Ticket_1286,7.0,D,C
288,0,3,Passenger_288,male,28.07937440588083,1,0,Ticket_1287,33.18308216342477,E,
289,0,3,Passenger_289,female,44.22669524792303,1,0,Ticket_1288,15.84442972390699,nan,C
290,0,3,Passenger_290,male,10.710678394277608,0,0,Ticket_1289,19.086053653385562,A,S
291,0,2,Passenger_291,male,31.313673284303835,1,0,Ticket_1290,7.0,nan,S
292,0,3,Passenger_292,female,35.9390351344016,0,0,Ticket_1291,7.0,E,S
293,1,3,Passenger_293,female,28.749235870885602,0,2,Ticket_1292,,D,S
294,0,1,Passenger_294,female,32.78538884611589,1,0,Ticket_1293,18.151827261936813,B,S
295,0,3,Passenger_295,male,32.959908938928166,0,1,Ticket_1294,10.771571962431318,E,C
296,0,3,Passenger_296,male,,0,1,Ticket_1295,14.536178404705414,E,
297,1,1,Passenger_297,female,52.47873858017802,0,0,Ticket_1296,57.806664020451976,E,S
298,0,2,Passenger_298,female,48.71635251114323,0,1,Ticket_1297,41.46895275410185,nan,S
299,1,3,Passenger_299,male,47.84867095861752,2,0,Ticket_1298,9.536626876386032,E,
300,0,1,Passenger_300,male,45.20513610815795,0,0,Ticket_1299,7.0,nan,S
301,0,3,Passenger_301,male,6.375307958504642,0,0,Ticket_1300,8.710497705878954,nan,S
302,0,2,Passenger_302,female,43.89093566717949,0,0,Ticket_1301,76.05687812578726,nan,S
303,0,3,Passenger_303,male,39.83402141324262,1,0,Ticket_1302,26.138720652237577,B,S
304,1,1,Passenger_304,male,6.952145775843249,0,0,Ticket_1303,22.873645038307934,D,S
305,1,3,Passenger_305,male,26.776344672748827,1,0,Ticket_1304,27.21945397745977,D,C
306,1,3,Passenger_306,female,34.15190173987932,1,0,Ticket_1305,13.67252726205503,nan,S
307,0,3,Passenger_307,female,54.96475647186953,2,0,Ticket_1306,49.36859259905966,nan,S
308,0,3,Passenger_308,male,40.87085786841388,1,0,Ticket_1307,22.225172147481153,A,Q
309,1,1,Passenger_309,female,,0,0,Ticket_1308,7.0,A,S
310,0,3,Passenger_310,female,,0,1,Ticket_1309,7.0,nan,S
311,0,1,Passenger_311,male,,0,0,Ticket_1310,23.09172155833137,C,S
312,0,1,Passenger_312,male,,0,0,Ticket_1311,82.73465343955739,nan,S
313,0,2,Passenger_313,male,,0,1,Ticket_1312,11.06034897670787,nan,S
314,1,2,Passenger_314,female,5.646671429653001,0,0,Ticket_1313,61.100927165284695,nan,Q
315,1,3,Passenger_315,male,28.353457442757865,0,0,Ticket_1314,43.32985751637238,B,C
316,1,3,Passenger_316,male,,0,0,Ticket_1315,8.543087253060229,B,C
317,0,2,Passenger_317,female,24.219250087121765,1,1,Ticket_1316,7.0,nan,C
318,0,2,Passenger_318,male,36.30678715871338,0,0,Ticket_1317,7.0,nan,S
319,0,3,Passenger_319,female,17.03413393628729,0,0,Ticket_1318,39.11312390263198,E,S
320,0,2,Passenger_320,male,27.886081285835704,0,0,Ticket_1319,7.0,D,C
321,0,2,Passenger_321,male,34.74810489912948,1,0,Ticket_1320,13.92164493874094,nan,Q
322,1,1,Passenger_322,female,32.84491315595131,0,0,Ticket_1321,20.89653900055573,nan,S
323,1,3,Passenger_323,female,,1,0,Ticket_1322,38.780641884762794,nan,Q
324,0,3,Passenger_324,male,,0,0,Ticket_1323,7.0,nan,S
325,1,2,Passenger_325,female,55.16194395468909,0,0,Ticket_1324,15.64478981542241,A,S
326,1,1,Passenger_326,female,22.613308885042233,1,1,Ticket_1325,19.911898784742213,B,S
327,0,3,Passenger_327,male,30.23711316167759,0,1,Ticket_1326,23.349851188016956,nan,
328,1,3,Passenger_328,female,28.698663741765834,0,0,Ticket_1327,51.17196311678473,nan,S
329,0,2,Passenger_329,male,53.52359638379477,0,0,Ticket_1328,7.0,C,S
330,0,3,Passenger_330,male,,0,0,Ticket_1329,49.48147310922269,C,
331,0,1,Passenger_331,male,,0,0,Ticket_1330,35.41534826383602,nan,S
332,1,2,Passenger_332,female,15.401365299411996,0,0,Ticket_1331,24.349193995767713,A,S
333,0,3,Passenger_333,female,35.387745737881204,2,1,Ticket_1332,36.07200828216265,D,nan
334,0,2,Passenger_334,male,38.51912614612698,1,0,Ticket_1333,15.931754994711357,nan,S
335,0,3,Passenger_335,male,19.520927466059184,0,1,Ticket_1334,7.0,nan,S
336,0,2,Passenger_336,male,16.942243412284668,1,0,Ticket_1335,32.87734978344944,nan,S
337,1,2,Passenger_337,male,55.57521220810545,1,0,Ticket_1336,22.312524964317664,D,S
338,1,3,Passenger_338,female,25.487950316746065,1,3,Ticket_1337,30.597482658969053,nan,C
339,0,2,Passenger_339,female,54.224652283667226,2,1,Ticket_1338,12.374636451003969,nan,S
340,0,3,Passenger_340,male,,1,0,Ticket_1339,71.21166485098149,nan,
341,0,2,Passenger_341,female,,0,0,Ticket_1340,,nan,
342,0,2,Passenger_342,male,36.78797154539227,0,0,Ticket_1341,7.0,C,S
343,0,1,Passenger_343,female,,0,2,Ticket_1342,17.924420511200346,A,S
344,0,3,Passenger_344,female,,2,0,Ticket_1343,42.36142080510654,B,S
345,0,2,Passenger_345,male,51.2553061947244,2,0,Ticket_1344,47.41597607763723,C,S
346,1,3,Passenger_346,male,40.220092547784134,1,1,Ticket_1345,20.47197757658044,nan,S
347,1,2,Passenger_347,female,32.31505030596615,1,0,Ticket_1346,67.54181180095041,nan,S
348,0,3,Passenger_348,male,,0,0,Ticket_1347,9.345657387636553,nan,S
349,0,1,Passenger_349,male,27.22438916008794,0,0,Ticket_1348,15.85943995087408,nan,nan
350,1,3,Passenger_350,male,20.706664874674736,1,0,Ticket_1349,68.65955161582652,D,S
351,0,3,Passenger_351,male,32.30747874117385,0,1,Ticket_1350,67.9750757712697,E,S
352,1,3,Passenger_352,male,41.49701052167394,0,0,Ticket_1351,34.723438867072986,D,S
353,1,3,Passenger_353,female,4.2330885628760875,1,0,Ticket_1352,58.76572303343651,B,S
354,0,3,Passenger_354,female,34.27302965235626,0,0,Ticket_1353,7.0,A,S
355,0,3,Passenger_355,male,42.15517523304465,0,1,Ticket_1354,60.073298638811195,nan,C
356,1,1,Passenger_356,female,25.955375620547088,0,0,Ticket_1355,11.597235716297748,nan,Q
357,0,1,Passenger_357,male,46.604471494539624,2,0,Ticket_1356,7.0,B,S
358,0,3,Passenger_358,female,39.61779993616605,0,0,Ticket_1357,8.208240796782697,A,S
359,1,3,Passenger_359,female,,1,0,Ticket_1358,16.236921683184438,nan,S
360,0,3,Passenger_360,male,18.74095653628177,1,0,Ticket_1359,8.678180287926136,C,S
361,0,2,Passenger_361,female,42.460647757441336,1,0,Ticket_1360,11.594925440223571,nan,S
362,1,1,Passenger_362,male,14.740141383038928,0,0,Ticket_1361,7.0,nan,S
363,0,1,Passenger_363,male,5.769503230849111,1,0,Ticket_1362,10.536841253807495,nan,S
364,0,3,Passenger_364,female,,0,0,Ticket_1363,25.47886264347519,E,S
365,1,2,Passenger_365,male,38.0748603359539,0,0,Ticket_1364,17.494025372461625,nan,
366,0,2,Passenger_366,male,32.76371870916154,1,0,Ticket_1365,12.772426655711781,E,S
367,1,2,Passenger_367,male,22.814234139573692,0,2,Ticket_1366,41.16607898936218,nan,S
368,1,1,Passenger_368,female,3.397434990755805,0,0,Ticket_1367,67.19111778966939,E,S
369,0,3,Passenger_369,male,19.644200607919856,0,0,Ticket_1368,42.414804484447586,B,C
370,0,2,Passenger_370,male,30.061395115131845,1,0,Ticket_1369,12.104044695612412,nan,
371,0,3,Passenger_371,female,41.89754050189647,0,1,Ticket_1370,40.929196379371476,nan,C
372,0,2,Passenger_372,female,29.751963746285615,1,0,Ticket_1371,7.0,nan,S
373,0,2,Passenger_373,male,33.780905140579165,0,1,Ticket_1372,7.0,nan,S
374,1,1,Passenger_374,male,24.358014285387963,0,0,Ticket_1373,12.72233430934263,nan,S
375,0,1,Passenger_375,male,,0,0,Ticket_1374,49.46132837955499,B,S
376,0,2,Passenger_376,male,14.726255335076582,0,0,Ticket_1375,8.484746521092188,nan,Q
377,1,2,Passenger_377,male,19.511426740723085,0,0,Ticket_1376,7.0,nan,S
378,0,3,Passenger_378,female,22.614628890097304,0,2,Ticket_1377,7.0,nan,
379,1,2,Passenger_379,female,38.14056596965086,0,0,Ticket_1378,58.71564865681438,nan,S
380,0,3,Passenger_380,male,14.417103153196791,0,1,Ticket_1379,30.135900079102797,A,Q
381,0,3,Passenger_381,male,32.03577885821998,0,0,Ticket_1380,8.758782753671799,nan,S
382,1,3,Passenger_382,female,32.47365215139836,0,0,Ticket_1381,24.310379816875066,A,Q
383,1,1,Passenger_383,male,19.584630438999298,1,0,Ticket_1382,22.496581779533606,D,Q
384,1,2,Passenger_384,female,34.949691914352854,0,1,Ticket_1383,31.96426100175499,nan,S
385,1,1,Passenger_385,male,14.882791518938532,0,0,Ticket_1384,7.965391122058648,B,C
386,1,2,Passenger_386,male,13.243887863073809,0,0,Ticket_1385,59.942037995271114,nan,nan
387,0,3,Passenger_387,female,31.49408634782161,0,0,Ticket_1386,11.104469173331198,A,
388,0,1,Passenger_388,male,5.103666217829058,0,0,Ticket_1387,35.53801534088108,B,S
389,1,2,Passenger_389,female,0.1,1,0,Ticket_1388,,nan,S
390,1,3,Passenger_390,male,37.992499511952005,1,1,Ticket_1389,,nan,S
391,1,3,Passenger_391,male,45.73454913886755,0,0,Ticket_1390,13.002506132270291,nan,S
392,0,3,Passenger_392,female,22.99795321961206,0,0,Ticket_1391,23.52397407259189,nan,S
393,0,1,Passenger_393,male,,0,1,Ticket_1392,7.0,nan,S
394,1,2,Passenger_394,female,45.0830283896184,0,0,Ticket_1393,,D,S
395,0,3,Passenger_395,male,12.816926730016199,1,0,Ticket_1394,7.368608192093408,A,S
396,1,1,Passenger_396,male,9.549410629182624,2,0,Ticket_1395,33.90660109653843,B,C
397,1,2,Passenger_397,female,40.61454635562731,0,0,Ticket_1396,48.76886694334569,nan,C
398,0,1,Passenger_398,male,30.13557279768461,0,0,Ticket_1397,24.757664587014258,nan,S
399,1,1,Passenger_399,male,45.973151089353564,0,0,Ticket_1398,40.51429138883447,E,S
400,1,2,Passenger_400,male,,0,0,Ticket_1399,32.52888574212997,nan,S
401,0,1,Passenger_401,male,8.989890133221554,0,1,Ticket_1400,13.179800719382474,nan,Q
402,1,3,Passenger_402,male,30.214980897662347,0,0,Ticket_1401,49.642244752107246,A,S
403,0,3,Passenger_403,female,36.265105477256796,0,0,Ticket_1402,10.474019311302902,B,S
404,1,3,Passenger_404,female,,3,0,Ticket_1403,25.40384385098022,nan,Q
405,0,2,Passenger_405,female,32.62226653213167,0,0,Ticket_1404,41.04158138571517,nan,Q
406,1,1,Passenger_406,female,32.469827330378536,0,0,Ticket_1405,14.290596026319957,nan,C
407,0,1,Passenger_407,female,24.15897685454702,0,2,Ticket_1406,10.819095172217557,B,C
408,0,3,Passenger_408,female,,0,0,Ticket_1407,18.449273397957874,nan,S
409,1,3,Passenger_409,male,13.454648167942533,1,0,Ticket_1408,51.10644094559293,C,S
410,0,1,Passenger_410,female,35.38530228833908,0,1,Ticket_1409,79.74428975137545,A,
411,0,3,Passenger_411,female,15.182867481179702,0,0,Ticket_1410,23.62923605412162,nan,S
412,1,1,Passenger_412,male,38.021678187075146,0,1,Ticket_1411,32.49394065152451,C,C
413,1,3,Passenger_413,male,14.444736459183504,0,1,Ticket_1412,70.07607403175099,nan,S
414,0,3,Passenger_414,male,41.15723547750687,0,1,Ticket_1413,7.0,B,S
415,1,3,Passenger_415,male,31.681574202367756,0,0,Ticket_1414,7.9220359799669025,nan,Q
416,0,3,Passenger_416,female,56.16958759888022,0,0,Ticket_1415,37.02265349118843,nan,S
417,0,3,Passenger_417,male,25.784705290926215,1,0,Ticket_1416,52.07461248027679,D,Q
418,0,2,Passenger_418,male,,1,1,Ticket_1417,58.353409939418846,nan,nan
419,1,3,Passenger_419,female,18.305155793089355,0,0,Ticket_1418,16.089799705020035,B,S
420,1,1,Passenger_420,male,25.68160490338058,0,0,Ticket_1419,7.0,nan,
421,1,3,Passenger_421,male,31.586242191665292,0,0,Ticket_1420,17.275940227070528,D,S
422,1,3,Passenger_422,male,,0,0,Ticket_1421,7.869576982518118,C,S
423,0,3,Passenger_423,female,8.735640987228418,1,0,Ticket_1422,10.325306348645249,D,S
424,0,2,Passenger_424,female,38.99788949753468,0,0,Ticket_1423,44.387515020399704,B,S
425,0,3,Passenger_425,male,27.808697677024806,0,1,Ticket_1424,7.0,nan,Q
426,0,3,Passenger_426,female,21.10610200427967,1,0,Ticket_1425,52.73486938077478,D,S
427,0,3,Passenger_427,male,18.945207293748666,0,1,Ticket_1426,16.74113800784543,C,C
428,1,1,Passenger_428,female,19.522668064144597,0,1,Ticket_1427,27.19495976524794,E,S
429,0,1,Passenger_429,female,31.688260725123428,2,0,Ticket_1428,7.0,D,S
430,0,2,Passenger_430,female,36.67553796174285,2,0,Ticket_1429,12.34566095484573,nan,Q
431,0,1,Passenger_431,male,0.1,0,0,Ticket_1430,7.0,nan,S
432,1,3,Passenger_432,female,51.19251085154838,0,0,Ticket_1431,97.74700026862823,E,S
433,1,2,Passenger_433,female,50.125511444129884,1,0,Ticket_1432,49.39265117566175,nan,S
434,0,3,Passenger_434,male,0.1,1,1,Ticket_1433,18.46518858154283,nan,
435,0,2,Passenger_435,female,46.28890044484196,1,0,Ticket_1434,7.59272129769161,B,S
436,1,1,Passenger_436,male,45.82828276996564,0,0,Ticket_1435,,nan,S
437,0,3,Passenger_437,female,,2,1,Ticket_1436,12.67513045618608,nan,S
438,1,3,Passenger_438,male,10.542470671726853,0,0,Ticket_1437,7.0,nan,Q
439,1,2,Passenger_439,female,45.22842137497608,1,0,Ticket_1438,24.845949888298044,nan,Q
440,0,3,Passenger_440,male,,0,0,Ticket_1439,86.35134407973933,E,S
441,0,3,Passenger_441,male,38.233182657284345,0,0,Ticket_1440,7.0,nan,C
442,1,2,Passenger_442,male,,0,1,Ticket_1441,8.159177190283769,nan,S
443,0,3,Passenger_443,male,33.77755125935428,0,1,Ticket_1442,83.6360127283091,E,S
444,0,3,Passenger_444,male,16.246729624221572,1,0,Ticket_1443,7.0,nan,S
445,1,3,Passenger_445,male,24.964035076204176,1,1,Ticket_1444,7.0,D,S
446,1,1,Passenger_446,male,18.158319596385184,0,1,Ticket_1445,25.33216652049874,nan,S
447,1,3,Passenger_447,male,36.50234576172784,0,1,Ticket_1446,,nan,S
448,1,1,Passenger_448,male,17.908986618752927,4,0,Ticket_1447,19.451514403067453,A,S
449,0,1,Passenger_449,female,22.90722866475535,0,0,Ticket_1448,156.4427700955057,D,C
450,0,2,Passenger_450,male,10.733544383886002,1,0,Ticket_1449,34.10547565449041,nan,S
451,1,2,Passenger_451,female,28.018694917212848,0,0,Ticket_1450,7.0,A,S
452,0,3,Passenger_452,female,32.65132189953074,0,0,Ticket_1451,148.14440922868647,A,Q
453,0,3,Passenger_453,female,0.1,0,0,Ticket_1452,15.722100179020686,E,S
454,1,3,Passenger_454,male,33.89360342220331,0,0,Ticket_1453,10.165157447760853,D,S
455,0,2,Passenger_455,female,29.31449653354831,0,1,Ticket_1454,24.48516281800718,E,C
456,0,2,Passenger_456,male,18.52512076865809,0,0,Ticket_1455,10.88542975813025,C,S
457,0,2,Passenger_457,male,60.42943386404809,0,0,Ticket_1456,7.0,B,
458,0,3,Passenger_458,male,44.377147914071315,0,0,Ticket_1457,7.0,nan,
459,0,1,Passenger_459,female,13.553962707728978,0,0,Ticket_1458,17.91239242198055,nan,C
460,0,3,Passenger_460,male,42.57355319356711,1,0,Ticket_1459,54.395025857029076,C,S
461,0,3,Passenger_461,male,,0,2,Ticket_1460,25.48106309131865,D,C
462,1,2,Passenger_462,female,31.98031383926336,1,0,Ticket_1461,214.20193155782255,nan,S
463,1,3,Passenger_463,female,35.421630554209884,0,0,Ticket_1462,,A,S
464,0,2,Passenger_464,male,35.075200003823866,1,0,Ticket_1463,9.874089035368055,B,C
465,1,3,Passenger_465,male,0.1,1,0,Ticket_1464,7.0,A,
466,0,3,Passenger_466,female,27.19695604724401,1,0,Ticket_1465,7.0,nan,S
467,0,2,Passenger_467,male,26.416307370239572,0,0,Ticket_1466,10.072012313647498,nan,S
468,1,2,Passenger_468,male,,0,0,Ticket_1467,47.22792167910717,nan,C
469,0,3,Passenger_469,male,35.005917953428096,0,0,Ticket_1468,70.85629513328297,nan,S
470,1,3,Passenger_470,female,25.535835568249578,0,1,Ticket_1469,110.7711700630508,nan,S
471,0,2,Passenger_471,female,28.64812888513483,0,2,Ticket_1470,7.930283122387772,E,S
472,1,3,Passenger_472,female,45.350783724411016,0,0,Ticket_1471,63.93405901083528,nan,Q
473,0,3,Passenger_473,female,27.231230051320267,0,0,Ticket_1472,11.936298229893408,A,S
474,1,3,Passenger_474,male,19.527067003625863,0,2,Ticket_1473,7.0,nan,S
475,0,1,Passenger_475,male,25.864467106187004,0,0,Ticket_1474,61.212377450415616,nan,S
476,1,3,Passenger_476,male,44.11044215734023,1,1,Ticket_1475,30.326749755837632,nan,S
477,0,3,Passenger_477,male,37.44247358396905,0,1,Ticket_1476,7.0,D,
478,0,1,Passenger_478,male,30.664019600236706,1,0,Ticket_1477,16.854687675411014,C,S
479,1,2,Passenger_479,female,32.87308949167245,0,0,Ticket_1478,10.159060418610382,nan,S
480,0,3,Passenger_480,male,21.60386289606777,0,0,Ticket_1479,40.044613324329916,nan,C
481,1,1,Passenger_481,female,27.090758993360197,1,0,Ticket_1480,18.122030991497287,nan,C
482,1,3,Passenger_482,male,20.05043517338224,0,0,Ticket_1481,136.06917008038639,D,S
483,0,2,Passenger_483,male,25.578310735503848,0,1,Ticket_1482,7.0,nan,C
484,1,2,Passenger_484,male,50.19267395439937,1,1,Ticket_1483,13.155858926842669,nan,
485,0,3,Passenger_485,male,,0,1,Ticket_1484,19.727619831159398,nan,C
486,1,2,Passenger_486,female,19.669235003656276,1,0,Ticket_1485,20.983020324758805,nan,S
487,0,3,Passenger_487,male,11.185517055963722,1,0,Ticket_1486,11.391106165184196,nan,S
488,0,2,Passenger_488,male,7.936368642186025,1,0,Ticket_1487,39.195701380083776,nan,Q
489,1,3,Passenger_489,male,27.198421287070627,2,1,Ticket_1488,62.32260521797925,nan,C
490,1,1,Passenger_490,male,20.7358622729882,0,0,Ticket_1489,83.76871088742018,nan,S
491,0,2,Passenger_491,male,56.425333961882885,0,0,Ticket_1490,49.05704071465286,A,
492,1,3,Passenger_492,female,25.7573018073331,0,0,Ticket_1491,57.02986400755654,A,S
493,0,2,Passenger_493,female,,0,0,Ticket_1492,23.9916063051404,nan,S
494,0,3,Passenger_494,male,44.520097124109505,0,0,Ticket_1493,52.44173427437754,nan,S
495,0,2,Passenger_495,female,,0,0,Ticket_1494,10.850792950137032,nan,S
496,0,3,Passenger_496,male,61.65203373128435,0,0,Ticket_1495,15.24880307929849,E,C
497,0,1,Passenger_497,male,34.02800979697213,0,1,Ticket_1496,11.433992056307156,A,S
498,0,3,Passenger_498,male,,1,0,Ticket_1497,18.898824814623598,nan,S
499,1,2,Passenger_499,male,,0,0,Ticket_1498,10.088511513786617,nan,S
500,1,2,Passenger_500,male,36.219719776571736,0,0,Ticket_1499,97.79987517504478,D,S
501,1,1,Passenger_501,male,41.26696271708776,0,0,Ticket_1500,11.25584556665796,D,S
502,0,1,Passenger_502,male,39.361071226792134,0,0,Ticket_1501,7.0,nan,S
503,0,3,Passenger_503,male,12.836078529124379,0,1,Ticket_1502,22.4482027217503,A,C
504,1,2,Passenger_504,male,30.859355316795245,0,2,Ticket_1503,7.0,nan,C
505,1,3,Passenger_505,female,46.1137085091699,1,0,Ticket_1504,7.0,C,
506,0,2,Passenger_506,male,52.89279476042492,1,0,Ticket_1505,,nan,S
507,1,2,Passenger_507,male,,2,2,Ticket_1506,18.728243483289706,nan,S
508,1,3,Passenger_508,male,37.932469527195295,0,1,Ticket_1507,17.035159038154926,nan,C
509,1,3,Passenger_509,male,32.26305319916302,1,2,Ticket_1508,48.23695224279664,E,C
510,1,1,Passenger_510,male,28.231889031276065,0,0,Ticket_1509,,nan,S
511,1,1,Passenger_511,male,35.34003943837539,1,0,Ticket_1510,16.6704166683821,D,S
512,0,1,Passenger_512,male,33.26996115999206,3,0,Ticket_1511,,C,C
513,1,3,Passenger_513,male,,1,1,Ticket_1512,11.414488594169622,nan,S
514,1,3,Passenger_514,male,51.625751414250786,0,0,Ticket_1513,44.61595626926946,nan,
515,0,2,Passenger_515,male,41.7619138629705,1,0,Ticket_1514,7.0,nan,
516,0,3,Passenger_516,male,,0,1,Ticket_1515,7.0,D,C
517,0,3,Passenger_517,male,57.96937585234618,0,0,Ticket_1516,47.622132074984854,A,S
518,1,3,Passenger_518,male,46.648943938205036,1,0,Ticket_1517,19.453611950951583,A,
519,1,3,Passenger_519,female,28.614023420949774,1,2,Ticket_1518,7.0,nan,S
520,0,2,Passenger_520,male,11.743193964706421,1,0,Ticket_1519,8.058585081429525,nan,S
521,0,1,Passenger_521,male,15.182539786193017,0,0,Ticket_1520,,nan,S
522,0,2,Passenger_522,male,43.99848672473451,0,0,Ticket_1521,58.87706907772523,nan,S
523,1,1,Passenger_523,female,20.54531281120528,0,0,Ticket_1522,37.114002733049496,A,C
524,1,3,Passenger_524,male,,2,1,Ticket_1523,19.74644816639717,D,C
525,1,3,Passenger_525,male,18.628720099692007,0,1,Ticket_1524,22.039308711048054,C,S
526,0,1,Passenger_526,male,19.689235318639497,1,0,Ticket_1525,110.96127053195065,E,S
527,0,1,Passenger_527,male,,2,0,Ticket_1526,101.23997382665021,A,S
528,0,2,Passenger_528,male,27.648868863265857,0,0,Ticket_1527,,nan,S
529,0,3,Passenger_529,male,9.414380995508914,1,0,Ticket_1528,49.996850337073965,C,S
530,1,2,Passenger_530,female,30.46567346643535,0,0,Ticket_1529,7.0,nan,S
531,1,3,Passenger_531,male,33.333991986723625,0,0,Ticket_1530,7.206306272781827,E,C
532,1,1,Passenger_532,female,22.809947078387225,0,0,Ticket_1531,33.81896840719097,nan,S
533,1,1,Passenger_533,female,47.3382762628905,0,0,Ticket_1532,15.575871594115181,nan,Q
534,0,3,Passenger_534,male,23.68591671461573,0,1,Ticket_1533,80.44710068594712,nan,nan
535,1,3,Passenger_535,male,46.62506529955726,1,1,Ticket_1534,7.0,A,S
536,1,1,Passenger_536,male,38.951741695124646,0,1,Ticket_1535,21.49404893219158,nan,S
537,1,3,Passenger_537,male,43.89908262066611,0,1,Ticket_1536,75.22249412557439,nan,Q
538,0,3,Passenger_538,male,,0,0,Ticket_1537,70.33775256842301,B,Q
539,0,3,Passenger_539,female,,0,0,Ticket_1538,7.0,A,S
540,0,2,Passenger_540,female,29.207579931378465,2,0,Ticket_1539,,E,S
541,1,3,Passenger_541,male,,2,0,Ticket_1540,28.958237697708398,nan,S
542,1,2,Passenger_542,male,46.57591094704364,0,0,Ticket_1541,7.0,nan,
543,0,3,Passenger_543,female,,1,0,Ticket_1542,103.28137478284663,nan,S
544,1,1,Passenger_544,female,20.856482567460258,0,1,Ticket_1543,73.8647786606151,B,S
545,1,1,Passenger_545,female,14.800262466034113,0,0,Ticket_1544,7.0,A,C
546,0,2,Passenger_546,male,40.5177948910556,0,0,Ticket_1545,7.0,nan,S
547,0,3,Passenger_547,male,7.111054218411063,0,0,Ticket_1546,7.0,A,S
548,1,2,Passenger_548,male,,0,0,Ticket_1547,72.05349375342708,nan,S
549,0,3,Passenger_549,male,45.66770979365191,0,0,Ticket_1548,7.0,nan,C
550,1,3,Passenger_550,male,38.05767641438641,2,2,Ticket_1549,16.150269196640725,C,S
551,0,1,Passenger_551,male,,2,0,Ticket_1550,17.872522571958665,nan,S
552,1,3,Passenger_552,female,41.39319704367064,0,1,Ticket_1551,27.414641812036994,A,S
553,0,2,Passenger_553,male,15.758635099113537,2,0,Ticket_1552,7.0,nan,S
554,0,3,Passenger_554,male,51.52102469496516,0,0,Ticket_1553,7.7149203561085145,B,S
555,1,1,Passenger_555,male,23.09885618799752,0,0,Ticket_1554,80.42343619830844,nan,S
556,0,3,Passenger_556,male,29.004185736150422,1,0,Ticket_1555,71.71303064250112,D,S
557,0,3,Passenger_557,male,,0,0,Ticket_1556,45.600347631666395,E,C
558,0,3,Passenger_558,male,,0,0,Ticket_1557,,nan,C
559,1,3,Passenger_559,female,21.929441352938667,2,0,Ticket_1558,11.88060019766188,B,S
560,1,2,Passenger_560,male,,1,0,Ticket_1559,,nan,S
561,1,3,Passenger_561,male,,1,0,Ticket_1560,9.655380588510328,D,S
562,0,3,Passenger_562,male,47.469978127523575,2,0,Ticket_1561,72.1009153141517,nan,C
563,0,3,Passenger_563,female,40.06111418925305,1,0,Ticket_1562,30.144599229822834,B,S
564,0,1,Passenger_564,female,,1,1,Ticket_1563,7.0,nan,S
565,0,3,Passenger_565,female,,1,0,Ticket_1564,71.90871570384809,B,S
566,0,3,Passenger_566,male,39.66942369476545,1,0,Ticket_1565,94.93635837859834,E,S
567,0,3,Passenger_567,male,19.39059929046057,0,0,Ticket_1566,7.0,C,
568,0,2,Passenger_568,male,31.880479736477536,1,1,Ticket_1567,22.80171036211169,nan,S
569,1,3,Passenger_569,male,47.420981811471094,1,0,Ticket_1568,10.844779437271262,C,S
570,0,2,Passenger_570,female,17.831143212942113,0,1,Ticket_1569,14.96884230534383,nan,C
571,0,3,Passenger_571,male,35.52901243680304,1,0,Ticket_1570,7.0,nan,
572,1,1,Passenger_572,female,34.735879004032384,0,0,Ticket_1571,25.887625121799275,B,
573,0,3,Passenger_573,female,28.539947720059757,1,0,Ticket_1572,95.08782576531246,nan,S
574,1,3,Passenger_574,male,22.44315623844095,0,0,Ticket_1573,20.979340216831286,A,S
575,1,1,Passenger_575,female,48.22195585341578,0,0,Ticket_1574,7.0,D,S
576,1,3,Passenger_576,male,21.036470463495508,2,1,Ticket_1575,29.02762606256812,nan,S
577,0,2,Passenger_577,male,2.819416483055697,0,0,Ticket_1576,12.47560114300246,nan,S
578,1,3,Passenger_578,male,39.60800387446551,1,0,Ticket_1577,58.12267792743397,nan,S
579,0,3,Passenger_579,male,11.980449753482489,1,1,Ticket_1578,17.11080183080093,C,S
580,0,3,Passenger_580,male,40.37821717282631,2,0,Ticket_1579,7.0,D,S
581,0,3,Passenger_581,male,50.023548717651664,0,0,Ticket_1580,7.0,B,
582,1,3,Passenger_582,male,39.44624817598012,1,0,Ticket_1581,43.92951679521977,nan,S
583,0,2,Passenger_583,male,46.07116952831237,2,0,Ticket_1582,9.260536589461614,nan,S
584,0,2,Passenger_584,male,60.300736603944706,0,0,Ticket_1583,43.731570573459074,nan,S
585,1,3,Passenger_585,male,44.5014069391342,0,0,Ticket_1584,7.0,C,S
586,0,3,Passenger_586,male,34.958600889381536,1,0,Ticket_1585,11.644365448916218,D,S
587,0,3,Passenger_587,male,54.50922275285472,1,1,Ticket_1586,18.791975263656642,D,S
588,0,3,Passenger_588,female,,0,1,Ticket_1587,86.04437661441445,A,C
589,0,2,Passenger_589,female,56.53157674889131,0,0,Ticket_1588,80.5291715150417,D,S
590,0,3,Passenger_590,female,22.61784727205996,0,0,Ticket_1589,7.0,nan,S
591,0,1,Passenger_591,female,9.68972462252394,1,0,Ticket_1590,13.305246577384356,nan,C
592,1,3,Passenger_592,male,21.702117248476696,0,0,Ticket_1591,7.0,nan,Q
593,0,1,Passenger_593,female,40.554624236897624,0,0,Ticket_1592,21.3995831388135,E,S
594,0,2,Passenger_594,male,32.38738417998159,0,0,Ticket_1593,18.51796557982461,A,S
595,1,2,Passenger_595,male,26.902785222347294,0,0,Ticket_1594,69.30647271324021,nan,S
596,0,2,Passenger_596,female,38.40722098207403,1,1,Ticket_1595,79.780105964123,A,S
597,1,3,Passenger_597,male,7.937923774900991,0,0,Ticket_1596,14.514188238334192,nan,S
598,0,2,Passenger_598,female,32.11753948037312,0,0,Ticket_1597,20.3027431264484,E,S
599,0,2,Passenger_599,female,46.776864672718155,1,1,Ticket_1598,67.96915770909709,D,C
600,0,2,Passenger_600,female,38.23973466837343,0,0,Ticket_1599,49.30656856307958,nan,S
601,0,2,Passenger_601,female,,1,0,Ticket_1600,7.0,A,S
602,0,2,Passenger_602,male,53.960591849287724,0,0,Ticket_1601,11.572502371086552,nan,S
603,0,1,Passenger_603,male,29.007850726894997,0,1,Ticket_1602,16.433727050477533,nan,
604,0,3,Passenger_604,male,20.203625079744953,1,0,Ticket_1603,7.829891077532592,C,
605,0,3,Passenger_605,male,47.842725639975626,1,0,Ticket_1604,7.0,E,S
606,0,3,Passenger_606,male,,0,0,Ticket_1605,7.0,nan,S
607,0,2,Passenger_607,female,38.37437512133695,0,1,Ticket_1606,30.9316703491763,nan,S
608,0,2,Passenger_608,female,27.594434991263277,0,0,Ticket_1607,9.135094321890652,A,S
609,0,3,Passenger_609,male,,1,0,Ticket_1608,7.0,nan,S
610,1,3,Passenger_610,male,10.8484057180337,0,0,Ticket_1609,7.879122163607305,B,S
611,0,2,Passenger_611,male,46.694197953108045,0,1,Ticket_1610,48.5716128316538,C,S
612,1,1,Passenger_612,male,46.16476964293715,1,0,Ticket_1611,57.212924175836164,C,S
613,1,2,Passenger_613,female,10.324758742998242,1,1,Ticket_1612,19.795216395591737,A,S
614,0,2,Passenger_614,male,43.01448125859204,0,0,Ticket_1613,16.139259433503188,B,S
615,1,2,Passenger_615,male,36.06152482513512,0,0,Ticket_1614,,nan,S
616,1,3,Passenger_616,male,,0,1,Ticket_1615,7.0,D,S
617,0,3,Passenger_617,male,11.909996983912958,0,0,Ticket_1616,7.275880534039773,B,S
618,0,3,Passenger_618,male,,0,0,Ticket_1617,10.353707994832122,B,Q
619,1,3,Passenger_619,male,,2,0,Ticket_1618,7.0,nan,S
620,1,3,Passenger_620,male,57.299232758245054,0,0,Ticket_1619,14.310392861451968,nan,S
621,0,3,Passenger_621,male,44.288975919733595,0,0,Ticket_1620,72.51774071038216,C,S
622,0,3,Passenger_622,male,,0,0,Ticket_1621,28.66247505697475,A,Q
623,0,1,Passenger_623,female,37.846185060035914,2,0,Ticket_1622,15.928122944830887,C,C
624,0,1,Passenger_624,male,49.96300770550751,0,0,Ticket_1623,81.73032443887885,A,S
625,1,1,Passenger_625,male,42.697771375910065,0,2,Ticket_1624,7.0,B,S
626,0,3,Passenger_626,male,,0,0,Ticket_1625,7.08215960770602,E,S
627,0,3,Passenger_627,female,15.29608235553735,0,0,Ticket_1626,25.033623226303995,C,S
628,1,2,Passenger_628,male,75.92920448109328,1,0,Ticket_1627,28.67845082290449,nan,C
629,0,3,Passenger_629,female,13.452258640376503,0,1,Ticket_1628,7.0,C,S
630,0,1,Passenger_630,male,,0,0,Ticket_1629,,nan,S
631,1,3,Passenger_631,male,5.179075853850037,1,1,Ticket_1630,31.42223393974438,nan,C
632,1,2,Passenger_632,male,38.08197238153893,0,0,Ticket_1631,35.926856587729134,nan,C
633,0,1,Passenger_633,male,32.266656559272114,0,0,Ticket_1632,30.494928386848883,D,S
634,0,2,Passenger_634,female,41.479146575471404,0,0,Ticket_1633,11.594732854111186,D,S
635,0,2,Passenger_635,male,,0,0,Ticket_1634,7.0,E,S
636,0,2,Passenger_636,male,46.693585010713974,1,1,Ticket_1635,16.71197469284437,nan,C
637,0,2,Passenger_637,male,17.88846897795578,0,0,Ticket_1636,7.0,E,
638,0,3,Passenger_638,male,27.76492200954202,1,1,Ticket_1637,88.47900864291856,nan,S
639,0,3,Passenger_639,male,43.97356903021597,2,1,Ticket_1638,19.340475853636132,nan,S
640,0,2,Passenger_640,male,33.91900026197849,1,2,Ticket_1639,11.449198682328598,D,
641,0,3,Passenger_641,female,34.979138350002955,1,2,Ticket_1640,43.61203373600299,nan,S
642,0,3,Passenger_642,male,41.98768229858099,2,0,Ticket_1641,20.671582779565504,A,S
643,0,2,Passenger_643,male,36.431859599080866,0,1,Ticket_1642,11.133389783087674,C,C
644,0,2,Passenger_644,female,,2,0,Ticket_1643,50.134252435296645,E,S
645,0,1,Passenger_645,male,27.502963076471566,1,1,Ticket_1644,60.556523943267415,C,S
646,1,1,Passenger_646,female,33.17818017977734,0,0,Ticket_1645,33.534602452697754,nan,C
647,0,3,Passenger_647,male,16.566658596804977,0,0,Ticket_1646,,B,C
648,1,1,Passenger_648,female,44.94012989083004,0,0,Ticket_1647,25.063649558318346,E,S
649,1,3,Passenger_649,male,34.32980896211226,1,0,Ticket_1648,43.228208013532075,nan,S
650,0,3,Passenger_650,female,31.121644018829528,1,0,Ticket_1649,7.0,nan,S
651,0,1,Passenger_651,female,47.88744838547206,0,1,Ticket_1650,7.789198667074939,D,S
652,0,3,Passenger_652,male,28.198295351829454,0,0,Ticket_1651,64.23825861813155,nan,S
653,0,2,Passenger_653,female,27.263685042713746,0,0,Ticket_1652,7.0,nan,C
654,1,3,Passenger_654,male,,0,0,Ticket_1653,41.917885408016964,E,S
655,0,2,Passenger_655,male,35.14600513388903,0,1,Ticket_1654,19.260694688255214,A,S
656,0,3,Passenger_656,male,,0,1,Ticket_1655,17.759560589421238,E,S
657,0,3,Passenger_657,male,20.005736992351398,0,0,Ticket_1656,7.0,nan,nan
658,0,1,Passenger_658,male,27.334590343299,0,0,Ticket_1657,51.34382528203019,nan,S
659,1,3,Passenger_659,male,20.105965972211507,0,0,Ticket_1658,13.380406418781826,nan,S
660,0,3,Passenger_660,male,19.426973192767644,2,0,Ticket_1659,23.345837761461734,E,S
661,0,3,Passenger_661,female,4.051532524097297,0,0,Ticket_1660,33.93102920340273,B,S
662,1,3,Passenger_662,female,26.53634619477667,0,0,Ticket_1661,36.383300997845424,A,S
663,1,3,Passenger_663,male,4.46680100879983,1,1,Ticket_1662,93.69337617700414,D,S
664,0,2,Passenger_664,male,23.057764704907335,0,0,Ticket_1663,22.736328610524676,nan,
665,0,2,Passenger_665,male,20.809580311835873,0,0,Ticket_1664,15.310749537832592,nan,S
666,0,3,Passenger_666,male,,0,0,Ticket_1665,92.18074940737203,C,S
667,0,2,Passenger_667,male,,0,1,Ticket_1666,30.82590777191843,E,S
668,0,3,Passenger_668,male,,1,0,Ticket_1667,10.621082418805763,E,S
669,0,3,Passenger_669,male,24.277137912126413,1,1,Ticket_1668,7.0,E,
670,0,2,Passenger_670,female,21.29784522745836,0,0,Ticket_1669,55.46027764953717,C,S
671,0,2,Passenger_671,male,50.53882196132814,1,0,Ticket_1670,13.491050401022564,B,S
672,1,3,Passenger_672,male,12.921489404255706,1,0,Ticket_1671,32.40576449981666,B,S
673,0,2,Passenger_673,male,24.30893251521237,0,1,Ticket_1672,19.092596219735746,A,S
674,0,3,Passenger_674,male,34.980978737466096,1,1,Ticket_1673,7.0,B,S
675,0,2,Passenger_675,male,,1,0,Ticket_1674,27.615485040605783,A,S
676,1,3,Passenger_676,male,,1,1,Ticket_1675,7.0,nan,Q
677,0,1,Passenger_677,male,1.2285059924431145,0,0,Ticket_1676,15.999421090130324,D,C
678,0,3,Passenger_678,male,27.74843667621743,3,0,Ticket_1677,23.730404752392015,nan,S
679,1,2,Passenger_679,female,50.28042714271072,1,0,Ticket_1678,,B,S
680,1,3,Passenger_680,female,34.23281111145641,0,0,Ticket_1679,41.429913519802255,D,S
681,1,1,Passenger_681,male,33.54626793539899,0,1,Ticket_1680,52.79473759624467,D,S
682,0,3,Passenger_682,male,14.054730126345051,0,0,Ticket_1681,44.25285893502814,A,
683,0,3,Passenger_683,male,12.514926145670028,0,0,Ticket_1682,7.0,nan,S
684,1,2,Passenger_684,male,30.27062472951149,0,0,Ticket_1683,7.0,A,S
685,1,1,Passenger_685,male,8.604316165778883,0,1,Ticket_1684,23.075426154829888,nan,C
686,0,1,Passenger_686,male,41.720433335437654,1,0,Ticket_1685,81.9190173244721,nan,S
687,0,3,Passenger_687,male,17.300306267004565,0,0,Ticket_1686,54.04643610025299,nan,C
688,0,3,Passenger_688,male,,0,0,Ticket_1687,55.456468361065866,nan,C
689,1,3,Passenger_689,male,1.7134962186863696,1,0,Ticket_1688,10.838058379198687,nan,S
690,0,2,Passenger_690,female,24.0929719733474,1,1,Ticket_1689,16.834523559872547,D,
691,0,2,Passenger_691,female,12.212091793046955,0,0,Ticket_1690,19.08633409117198,nan,S
692,0,3,Passenger_692,female,0.1,0,0,Ticket_1691,,A,S
693,0,2,Passenger_693,male,38.12763134004476,0,0,Ticket_1692,7.0,A,S
694,0,3,Passenger_694,female,54.617393086373596,0,1,Ticket_1693,88.06898868003888,E,S
695,0,1,Passenger_695,male,46.94210384015919,0,1,Ticket_1694,8.261246947519595,nan,S
696,1,3,Passenger_696,female,40.225360348557075,0,0,Ticket_1695,8.231088480574071,nan,Q
697,0,2,Passenger_697,male,,2,0,Ticket_1696,7.0,B,S
698,0,2,Passenger_698,female,42.08835342821739,0,0,Ticket_1697,79.14498761862069,nan,Q
699,0,3,Passenger_699,male,48.357797978605916,0,0,Ticket_1698,26.00624540096647,C,
700,0,3,Passenger_700,female,32.0523274450694,0,1,Ticket_1699,32.99170431556572,D,C
701,0,3,Passenger_701,female,12.234597415319659,1,0,Ticket_1700,72.76865661635912,D,
702,0,1,Passenger_702,male,,1,2,Ticket_1701,12.722019438479288,E,S
703,0,1,Passenger_703,male,55.54044732521905,1,1,Ticket_1702,29.14675567127874,B,C
704,0,3,Passenger_704,female,28.878837477747503,1,0,Ticket_1703,7.0,nan,S
705,0,3,Passenger_705,male,0.1,1,1,Ticket_1704,7.0,nan,
706,1,2,Passenger_706,female,7.966148044947097,0,0,Ticket_1705,53.379362724366125,E,S
707,0,1,Passenger_707,male,23.633269452862777,3,0,Ticket_1706,43.67169421438371,E,S
708,1,1,Passenger_708,male,45.53737857626352,1,1,Ticket_1707,12.953164839663833,nan,S
709,0,3,Passenger_709,male,25.90316471389632,0,0,Ticket_1708,14.187145143719537,nan,C
710,1,1,Passenger_710,male,45.8164748245989,0,0,Ticket_1709,22.878418515158312,E,S
711,1,2,Passenger_711,female,22.107564696787662,1,0,Ticket_1710,7.0,C,S
712,0,2,Passenger_712,male,0.5356121664658033,0,0,Ticket_1711,8.282264153310589,nan,C
713,0,2,Passenger_713,male,22.62658262102873,0,0,Ticket_1712,7.004598529371947,nan,S
714,0,1,Passenger_714,male,35.17417502319427,1,1,Ticket_1713,8.649786265883623,C,S
715,0,3,Passenger_715,male,33.9292552401197,0,0,Ticket_1714,49.1823566968852,C,C
716,1,1,Passenger_716,female,11.173383761150465,0,0,Ticket_1715,9.841535775489767,nan,S
717,1,3,Passenger_717,female,,0,0,Ticket_1716,7.0,A,S
718,1,2,Passenger_718,male,70.2701135709611,0,1,Ticket_1717,21.051319929965054,nan,S
719,0,3,Passenger_719,female,11.500967605546847,1,0,Ticket_1718,60.21809997323984,B,S
720,1,3,Passenger_720,female,39.910850916956235,1,0,Ticket_1719,8.286430518900692,nan,S
721,1,3,Passenger_721,male,0.1,1,0,Ticket_1720,,D,
722,0,3,Passenger_722,female,42.95687736854493,0,0,Ticket_1721,13.220556667956835,E,C
723,0,2,Passenger_723,male,16.6151191471733,1,0,Ticket_1722,41.30836489551424,nan,S
724,1,2,Passenger_724,male,36.0313238730441,0,0,Ticket_1723,24.001302558065465,E,S
725,0,3,Passenger_725,female,,1,0,Ticket_1724,50.914219053518075,nan,nan
726,1,3,Passenger_726,male,34.36279200265061,1,0,Ticket_1725,96.2619344038082,A,S
727,0,3,Passenger_727,female,16.370245563878427,1,0,Ticket_1726,47.20221799565314,A,C
728,1,3,Passenger_728,female,19.27427725550062,0,1,Ticket_1727,27.77531747043389,C,S
729,0,3,Passenger_729,male,,1,0,Ticket_1728,20.397547384538694,nan,
730,0,2,Passenger_730,female,23.544217854044756,0,0,Ticket_1729,7.0,B,S
731,0,1,Passenger_731,male,35.705721723244665,0,0,Ticket_1730,124.66486415696491,B,
732,1,3,Passenger_732,male,27.13738022034974,0,1,Ticket_1731,14.50999009590893,E,S
733,1,3,Passenger_733,male,31.012405218709127,0,0,Ticket_1732,7.0,nan,S
734,0,1,Passenger_734,female,36.676297070301025,0,0,Ticket_1733,32.96216588602968,nan,C
735,0,3,Passenger_735,male,,1,0,Ticket_1734,10.03433494510731,B,S
736,1,2,Passenger_736,male,15.059253209973388,0,1,Ticket_1735,26.440616131980153,A,S
737,0,3,Passenger_737,female,22.015316011053148,0,0,Ticket_1736,26.512376321614365,nan,
738,1,1,Passenger_738,female,47.927087697501534,0,0,Ticket_1737,17.703090696449692,C,S
739,0,2,Passenger_739,female,31.742596261148247,1,1,Ticket_1738,54.25837135077544,nan,S
740,0,3,Passenger_740,male,,1,1,Ticket_1739,9.235198996894365,nan,S
741,0,2,Passenger_741,male,36.02340912581578,1,1,Ticket_1740,17.860616675155647,nan,S
742,0,3,Passenger_742,male,37.024733774087075,1,0,Ticket_1741,23.145726645218375,B,S
743,1,3,Passenger_743,female,37.799986136967156,0,0,Ticket_1742,32.68583519436555,nan,nan
744,0,3,Passenger_744,male,15.332441994430715,0,1,Ticket_1743,45.970396741671884,nan,S
745,0,2,Passenger_745,male,19.764135085711573,0,0,Ticket_1744,15.06624992932544,nan,S
746,1,2,Passenger_746,female,19.847561754194825,1,0,Ticket_1745,31.15772955252799,D,C
747,0,1,Passenger_747,male,24.590281319007122,0,0,Ticket_1746,7.0,C,
748,0,3,Passenger_748,female,,1,0,Ticket_1747,80.9347252121752,B,S
749,1,3,Passenger_749,female,34.442772070965205,2,2,Ticket_1748,14.489447095913926,nan,S
750,1,3,Passenger_750,female,,1,1,Ticket_1749,39.226871334886056,nan,S
751,0,3,Passenger_751,male,,0,0,Ticket_1750,7.0,D,S
752,1,3,Passenger_752,male,,0,0,Ticket_1751,7.0,E,
753,1,3,Passenger_753,female,27.87297562505869,0,0,Ticket_1752,20.02921055616514,D,S
754,0,1,Passenger_754,female,12.241722359212506,2,1,Ticket_1753,63.174173582210884,nan,C
755,0,3,Passenger_755,female,19.281794872936945,0,0,Ticket_1754,22.47598395316822,nan,S
756,1,1,Passenger_756,male,26.074423984826595,1,0,Ticket_1755,79.72234480793071,B,Q
757,1,3,Passenger_757,female,42.436947410041704,0,0,Ticket_1756,19.837649390145593,D,S
758,0,3,Passenger_758,female,29.5900209884086,0,0,Ticket_1757,20.226765691167135,B,S
759,1,3,Passenger_759,female,20.157060676673353,1,2,Ticket_1758,7.0,nan,S
760,1,1,Passenger_760,female,19.00660671409161,2,0,Ticket_1759,48.68424352094446,nan,Q
761,0,2,Passenger_761,female,28.95632686618161,0,0,Ticket_1760,8.509323577753854,nan,
762,0,2,Passenger_762,male,,1,0,Ticket_1761,,C,S
763,0,2,Passenger_763,male,53.86528958662676,2,0,Ticket_1762,72.51437413903034,nan,C
764,1,1,Passenger_764,male,26.913471029554984,1,0,Ticket_1763,86.10478272254943,A,S
765,0,3,Passenger_765,male,29.328852288561027,1,1,Ticket_1764,22.03348428113035,nan,C
766,0,3,Passenger_766,male,,0,0,Ticket_1765,33.911800598642444,A,S
767,1,2,Passenger_767,male,59.087888536491995,0,0,Ticket_1766,45.22213156043042,nan,C
768,1,2,Passenger_768,male,8.984957427658742,1,0,Ticket_1767,7.0,nan,Q
769,0,2,Passenger_769,male,47.57493467670825,1,0,Ticket_1768,27.560597614152307,nan,S
770,1,3,Passenger_770,male,24.519960704812938,1,1,Ticket_1769,7.0,nan,S
771,0,3,Passenger_771,female,,1,1,Ticket_1770,20.64873470784896,B,S
772,1,3,Passenger_772,female,,0,0,Ticket_1771,7.0,A,Q
773,0,2,Passenger_773,male,66.150729741107,0,0,Ticket_1772,7.0,nan,S
774,0,3,Passenger_774,female,,1,1,Ticket_1773,13.626155732175848,D,S
775,1,3,Passenger_775,male,,0,0,Ticket_1774,16.992114489397167,B,S
776,0,2,Passenger_776,male,43.300985393318136,3,0,Ticket_1775,29.279026669701206,E,S
777,0,3,Passenger_777,male,20.23750911555055,0,0,Ticket_1776,7.0,nan,S
778,1,1,Passenger_778,male,30.027689328465087,1,0,Ticket_1777,21.016742884760813,A,S
779,1,3,Passenger_779,female,30.845044302181815,1,1,Ticket_1778,7.0,C,S
780,1,2,Passenger_780,female,,0,0,Ticket_1779,25.59772979511863,A,S
781,1,3,Passenger_781,male,47.99457118778871,0,0,Ticket_1780,30.434031021373663,E,S
782,0,3,Passenger_782,male,26.72018382756144,0,0,Ticket_1781,24.40588255385007,nan,S
783,0,3,Passenger_783,male,6.703019199467558,0,0,Ticket_1782,40.2161794311247,nan,
784,0,3,Passenger_784,male,25.477539547186893,0,0,Ticket_1783,12.266544450228475,nan,C
785,0,2,Passenger_785,male,33.73768007570846,1,1,Ticket_1784,43.45870347464172,B,S
786,1,1,Passenger_786,male,16.597601491685875,1,0,Ticket_1785,17.00955806902959,nan,S
787,0,2,Passenger_787,female,17.781078102443416,0,1,Ticket_1786,19.860183969819552,nan,
788,0,1,Passenger_788,female,21.80611442810939,0,0,Ticket_1787,31.332428392366076,B,S
789,0,3,Passenger_789,male,48.31853490100441,1,0,Ticket_1788,7.0,nan,S
790,1,2,Passenger_790,female,22.69262966031441,1,0,Ticket_1789,31.83899408898979,nan,S
791,0,3,Passenger_791,male,51.436755278265466,1,0,Ticket_1790,28.916029459207646,nan,S
792,0,3,Passenger_792,male,20.775743427774962,0,0,Ticket_1791,11.12526408033118,nan,Q
793,0,3,Passenger_793,male,,1,0,Ticket_1792,7.0,C,
794,1,1,Passenger_794,male,23.30635988670373,1,1,Ticket_1793,7.0,C,S
795,0,3,Passenger_795,female,41.31124755435708,0,0,Ticket_1794,77.00579676537689,nan,S
796,1,3,Passenger_796,male,13.22588768152081,1,0,Ticket_1795,35.065827280836416,C,Q
797,1,2,Passenger_797,male,41.14289219365847,0,0,Ticket_1796,7.0,E,S
798,0,3,Passenger_798,male,31.708041004645256,0,0,Ticket_1797,13.235403526491606,nan,S
799,1,3,Passenger_799,male,20.400122748338262,1,1,Ticket_1798,26.930178432455648,nan,S
800,1,1,Passenger_800,female,27.50667772934774,1,0,Ticket_1799,54.15842103045318,E,S
801,1,3,Passenger_801,male,53.00782411548262,2,0,Ticket_1800,7.0,nan,S
802,0,2,Passenger_802,male,32.06766757321175,0,0,Ticket_1801,8.100496184847835,nan,S
803,0,1,Passenger_803,male,19.45907976131042,0,0,Ticket_1802,66.14986819135711,nan,S
804,1,2,Passenger_804,male,11.92960075757831,1,0,Ticket_1803,7.0,C,S
805,0,1,Passenger_805,male,37.58106410146496,1,0,Ticket_1804,7.0,C,S
806,1,1,Passenger_806,female,32.93767870516028,0,0,Ticket_1805,95.84319132214874,D,C
807,1,1,Passenger_807,male,40.42531042632335,0,0,Ticket_1806,,B,S
808,1,3,Passenger_808,female,8.066628904652365,0,1,Ticket_1807,9.100987525207934,C,C
809,0,3,Passenger_809,female,12.416093206627501,0,1,Ticket_1808,7.0,C,S
810,0,3,Passenger_810,female,,1,0,Ticket_1809,7.0,E,S
811,1,2,Passenger_811,male,34.97012470169011,0,0,Ticket_1810,8.4209983156992,nan,S
812,1,2,Passenger_812,male,38.00101276856343,3,0,Ticket_1811,63.98167978949935,B,S
813,0,3,Passenger_813,male,15.5596945183807,0,0,Ticket_1812,16.131193645580453,nan,
814,1,2,Passenger_814,female,15.285192025066221,0,0,Ticket_1813,38.22470967928094,nan,
815,1,1,Passenger_815,male,,1,1,Ticket_1814,75.13554385214807,A,
816,0,3,Passenger_816,male,45.57566482147723,0,0,Ticket_1815,15.729509812079092,nan,S
817,0,2,Passenger_817,male,13.675207694564193,0,0,Ticket_1816,7.0,nan,S
818,0,3,Passenger_818,male,10.809442562207323,0,0,Ticket_1817,21.839484552213328,D,S
819,0,3,Passenger_819,male,,0,1,Ticket_1818,71.60630273590033,nan,S
820,0,1,Passenger_820,male,18.009773199359906,0,0,Ticket_1819,48.94658168606844,C,S
821,1,1,Passenger_821,female,17.69734681430962,0,0,Ticket_1820,7.0,nan,Q
822,0,3,Passenger_822,male,11.229326303589112,1,0,Ticket_1821,,A,S
823,0,2,Passenger_823,male,,2,1,Ticket_1822,25.451780356585513,nan,Q
824,0,1,Passenger_824,male,12.67957886050701,0,0,Ticket_1823,71.40445860389445,E,C
825,0,3,Passenger_825,male,,0,1,Ticket_1824,7.0,nan,C
826,1,1,Passenger_826,male,34.47587769849457,1,0,Ticket_1825,22.909414320204135,C,S
827,0,3,Passenger_827,female,,0,0,Ticket_1826,63.47387929665405,nan,S
828,0,3,Passenger_828,male,,0,0,Ticket_1827,,nan,S
829,1,2,Passenger_829,female,5.2644984697604045,0,0,Ticket_1828,19.7331067633282,E,S
830,0,1,Passenger_830,male,30.148209147446448,0,0,Ticket_1829,7.0,nan,
831,0,1,Passenger_831,male,61.13456313248757,0,0,Ticket_1830,9.777873236168059,E,nan
832,0,2,Passenger_832,female,24.415912735716013,0,0,Ticket_1831,11.769358948789112,nan,C
833,0,1,Passenger_833,male,,1,1,Ticket_1832,87.07952749641045,E,C
834,0,3,Passenger_834,male,42.240102731616346,0,0,Ticket_1833,9.966468409985831,nan,C
835,0,1,Passenger_835,male,,0,0,Ticket_1834,18.533886117004485,nan,
836,0,3,Passenger_836,male,32.49992530585984,1,0,Ticket_1835,33.37869768474488,E,S
837,1,3,Passenger_837,female,38.491289741163214,0,0,Ticket_1836,7.0,C,S
838,0,3,Passenger_838,male,40.48520430019508,0,1,Ticket_1837,19.991791784819206,E,S
839,0,3,Passenger_839,female,39.531690424715364,0,0,Ticket_1838,40.24410891482834,nan,C
840,1,2,Passenger_840,female,13.238727397299058,2,0,Ticket_1839,60.489543570749845,C,S
841,0,3,Passenger_841,male,4.389232761840198,0,0,Ticket_1840,29.52578909206342,nan,S
842,1,3,Passenger_842,female,,1,0,Ticket_1841,33.17395783113085,nan,S
843,0,2,Passenger_843,male,25.947600114260045,0,0,Ticket_1842,7.0,D,S
844,1,1,Passenger_844,female,38.90890101633967,0,2,Ticket_1843,87.43922503157158,nan,S
845,0,3,Passenger_845,male,13.43383083732623,1,0,Ticket_1844,7.0,C,C
846,0,2,Passenger_846,female,,0,1,Ticket_1845,44.70606959173066,B,S
847,0,1,Passenger_847,male,22.465872382381708,1,0,Ticket_1846,9.229047259417984,nan,S
848,1,2,Passenger_848,male,22.608671832088817,0,0,Ticket_1847,81.35864910957501,A,S
849,0,2,Passenger_849,male,17.458395061805994,1,1,Ticket_1848,38.1846355200142,C,S
850,0,3,Passenger_850,female,1.7282046147558958,1,0,Ticket_1849,42.050002959424624,nan,S
851,0,3,Passenger_851,male,33.439711926519706,0,2,Ticket_1850,7.417676933235474,D,nan
852,1,3,Passenger_852,male,55.690015692578534,0,0,Ticket_1851,17.557854389050497,nan,
853,0,1,Passenger_853,female,29.06003214701155,0,0,Ticket_1852,,nan,S
854,1,2,Passenger_854,female,2.2405253745772136,0,0,Ticket_1853,44.08683819561955,C,S
855,0,2,Passenger_855,female,41.70514217424669,1,1,Ticket_1854,7.0,A,S
856,0,1,Passenger_856,female,5.628030148455164,0,0,Ticket_1855,98.3948765714327,nan,S
857,0,2,Passenger_857,female,11.864484045162218,0,1,Ticket_1856,,E,S
858,0,3,Passenger_858,female,26.424927415296438,1,0,Ticket_1857,9.45565140348294,B,S
859,0,1,Passenger_859,male,31.84265157810297,0,0,Ticket_1858,51.907557115696505,nan,C
860,0,3,Passenger_860,male,,0,0,Ticket_1859,21.914502910590443,A,S
861,1,2,Passenger_861,female,25.840259151510292,0,0,Ticket_1860,18.58611251393791,nan,S
862,0,1,Passenger_862,male,40.72743601141027,0,0,Ticket_1861,,B,
863,0,2,Passenger_863,male,,1,0,Ticket_1862,26.09428168891923,B,S
864,0,3,Passenger_864,male,48.771846327213964,0,0,Ticket_1863,39.26768187347611,B,C
865,0,3,Passenger_865,female,58.64127978440241,0,0,Ticket_1864,15.876455650272156,nan,Q
866,0,3,Passenger_866,male,,1,0,Ticket_1865,29.764326231288727,nan,S
867,0,2,Passenger_867,male,26.748952283936394,0,1,Ticket_1866,36.05055480493966,nan,C
868,0,1,Passenger_868,male,42.88970686684459,0,0,Ticket_1867,37.25250575683643,D,
869,1,3,Passenger_869,male,37.00074351007773,0,1,Ticket_1868,7.0,D,Q
870,1,2,Passenger_870,male,,0,2,Ticket_1869,58.92939266887354,C,S
871,0,3,Passenger_871,male,,0,1,Ticket_1870,18.388702716279084,E,
872,0,1,Passenger_872,male,,0,0,Ticket_1871,9.131262291327465,nan,S
873,1,2,Passenger_873,female,14.578553882671049,0,0,Ticket_1872,8.302837963242885,nan,C
874,0,1,Passenger_874,male,28.54322698387286,0,0,Ticket_1873,19.792191072503915,C,S
875,0,2,Passenger_875,female,32.23365113769558,0,1,Ticket_1874,65.36633307752989,nan,S
876,0,3,Passenger_876,female,19.808386156024305,0,0,Ticket_1875,14.261224662952197,B,S
877,1,2,Passenger_877,male,36.35012922912863,4,0,Ticket_1876,41.55593848598932,nan,S
878,1,2,Passenger_878,female,61.21148856058784,1,0,Ticket_1877,7.0,A,S
879,0,2,Passenger_879,male,,1,0,Ticket_1878,19.391154321845764,E,
880,0,2,Passenger_880,female,38.73366716345641,0,0,Ticket_1879,143.694939737963,D,S
881,0,3,Passenger_881,male,29.01038068663785,1,1,Ticket_1880,44.14743823201515,E,C
882,1,3,Passenger_882,female,36.75983333001982,0,1,Ticket_1881,7.091745902783811,nan,S
883,0,3,Passenger_883,male,23.539279493095634,1,1,Ticket_1882,20.881028749590477,E,S
884,0,3,Passenger_884,male,27.809101724292496,0,0,Ticket_1883,7.982500934925822,E,
885,1,2,Passenger_885,male,31.942506765121486,1,0,Ticket_1884,15.806664833242657,nan,S
886,0,3,Passenger_886,female,25.47549174697109,0,1,Ticket_1885,45.435291949504006,nan,S
887,1,2,Passenger_887,female,,0,1,Ticket_1886,44.25046451386844,nan,S
888,0,2,Passenger_888,male,26.4912745403332,0,0,Ticket_1887,7.7670228180217995,C,S
889,0,3,Passenger_889,male,8.753495577057091,1,0,Ticket_1888,76.61740835810136,nan,C
890,0,1,Passenger_890,male,39.797896658704644,0,1,Ticket_1889,26.936450399070107,nan,S
891,1,3,Passenger_891,female,,0,2,Ticket_1890,14.337410911391835,D,S
